{"cameraMode":{"drawMode":0,"name":"Shaded","section":"Shading Mode"},"sceneLighting":true,"audioPlay":false,"sceneViewState":{"showFog":true,"showMaterialUpdate":false,"showSkybox":true,"showFlares":true,"showImageEffects":true,"showParticleSystems":true},"in2DMode":false,"pivot":{"x":-0.5403854846954346,"y":6.11281156539917,"z":-9.892403602600098},"rotation":{"x":0.2318701148033142,"y":-0.0023329087998718025,"z":0.0005563423619605601,"w":0.9727460145950317},"size":7.083142280578613,"orthographic":true}