{"cameraMode":{"drawMode":0,"name":"Shaded","section":"Shading Mode"},"sceneLighting":false,"audioPlay":false,"sceneViewState":{"showFog":true,"showMaterialUpdate":true,"showSkybox":false,"showFlares":true,"showImageEffects":true,"showParticleSystems":true},"in2DMode":false,"pivot":{"x":-0.1356794834136963,"y":0.569141149520874,"z":-0.09812092781066895},"rotation":{"x":0.4159073531627655,"y":0.015007088892161847,"z":-0.006860089488327503,"w":0.9092640280723572},"size":0.8852575421333313,"orthographic":false}