{"cameraMode":{"drawMode":0,"name":"Shaded","section":"Shading Mode"},"sceneLighting":false,"audioPlay":false,"sceneViewState":{"showFog":true,"showMaterialUpdate":true,"showSkybox":false,"showFlares":true,"showImageEffects":true,"showParticleSystems":true},"in2DMode":false,"pivot":{"x":-2.765813112258911,"y":1.4572887420654297,"z":-2.0251221656799318},"rotation":{"x":-0.2026790976524353,"y":-0.22876904904842378,"z":0.048758238554000857,"w":-0.9509062767028809},"size":1.4155939817428589,"orthographic":false}