{"cameraMode":{"drawMode":0,"name":"Shaded","section":"Shading Mode"},"sceneLighting":true,"audioPlay":true,"sceneViewState":{"showFog":true,"showMaterialUpdate":true,"showSkybox":true,"showFlares":true,"showImageEffects":true,"showParticleSystems":true},"in2DMode":false,"pivot":{"x":0.6918823719024658,"y":-15.092918395996094,"z":12.642772674560547},"rotation":{"x":0.4159073531627655,"y":0.015007088892161847,"z":-0.006860089488327503,"w":0.9092640280723572},"size":16.68486976623535,"orthographic":false}