{"cameraMode":{"drawMode":0,"name":"Shaded","section":"Shading Mode"},"sceneLighting":false,"audioPlay":false,"sceneViewState":{"showFog":true,"showMaterialUpdate":false,"showSkybox":false,"showFlares":true,"showImageEffects":true,"showParticleSystems":true},"in2DMode":false,"pivot":{"x":2.324122190475464,"y":-3.395831823348999,"z":5.883916854858398},"rotation":{"x":0.1894097477197647,"y":0.6662907004356384,"z":-0.18074719607830048,"w":0.698222815990448},"size":2.241964101791382,"orthographic":false}