{"cameraMode":{"drawMode":0,"name":"Shaded","section":"Shading Mode"},"sceneLighting":true,"audioPlay":false,"sceneViewState":{"showFog":true,"showMaterialUpdate":false,"showSkybox":true,"showFlares":true,"showImageEffects":true,"showParticleSystems":true},"in2DMode":false,"pivot":{"x":-0.7572362422943115,"y":-9.882993698120118,"z":-3.901803493499756},"rotation":{"x":0.3743848502635956,"y":-0.15332569181919099,"z":0.06291678547859192,"w":0.9123494029045105},"size":7.5564141273498539,"orthographic":false}